{
  "project_info": {
    "project_number": "233876167116",
    "firebase_url": "https://scanqr-e60b1-default-rtdb.firebaseio.com",
    "project_id": "scanqr-e60b1",
    "storage_bucket": "scanqr-e60b1.appspot.com"
  },
  "client": [
    {
      "client_info": {
        "mobilesdk_app_id": "1:233876167116:android:92fba31335374f53a32569",
        "android_client_info": {
          "package_name": "com.codetrix.scanqr"
        }
      },
      "oauth_client": [
        {
          "client_id": "233876167116-li28ketb95kkl8604p7sm9i53mmrgo4g.apps.googleusercontent.com",
          "client_type": 3
        }
      ],
      "api_key": [
        {
          "current_key": "AIzaSyAu1pNNRfAXw7WSK6vQ45F06HJZjqS1PNk"
        }
      ],
      "services": {
        "appinvite_service": {
          "other_platform_oauth_client": [
            {
              "client_id": "233876167116-li28ketb95kkl8604p7sm9i53mmrgo4g.apps.googleusercontent.com",
              "client_type": 3
            }
          ]
        }
      }
    }
  ],
  "configuration_version": "1"
}